id,SNR
S01C001M1_1LG,4.5719019531096034e-08
S01C002V1_1LG,1.2131121864346536e-08
S01C002V1_2LG,-3.9398664245756084e-09
S01C002V1_3+4LG,6.772564320233466e-08
S01C003V1_1LG,-3.7615862540506e-08
S02C003V1_1LG,5.3042085584392565e-08
S02C006V1_1LG,6.552332952590005e-08
